{"timesteps": 100, "ep_reward": 100.0, "num_updates": 0, "episodes": 500, "_timestamp": 1695040171.8367724, "_runtime": 82.40143752098083, "_step": 500, "_wandb": {"runtime": 90}}