{"timesteps": 100, "ep_reward": 100.0, "num_updates": 0, "episodes": 500, "_timestamp": 1695039981.4151857, "_runtime": 86.55917978286743, "_step": 500, "_wandb": {"runtime": 92}}