{"timesteps": 23, "ep_reward": -0.3200000000004132, "num_updates": 0, "episodes": 200, "_timestamp": 1695047678.0311115, "_runtime": 66.33924651145935, "_step": 200, "_wandb": {"runtime": 75}}