{"timesteps": 100, "ep_reward": 100.0, "num_updates": 0, "episodes": 500, "_timestamp": 1695049221.579043, "_runtime": 82.44828081130981, "_step": 500, "_wandb": {"runtime": 81}}