{"timesteps": 100, "ep_reward": 100.0, "num_updates": 0, "episodes": 500, "_timestamp": 1695033526.4947708, "_runtime": 81.68722677230835, "_step": 500, "_wandb": {"runtime": 203}}