{"timesteps": 100, "ep_reward": 100.0, "num_updates": 0, "episodes": 500, "_timestamp": 1695040077.5983741, "_runtime": 83.48210501670837, "_step": 500, "_wandb": {"runtime": 89}}