{"timesteps": 15, "ep_reward": -27.244788717418043, "num_updates": 0, "episodes": 200, "_timestamp": 1695047759.2692413, "_runtime": 66.3843183517456, "_step": 200, "_wandb": {"runtime": 67}}