{"timesteps": 200, "ep_reward": 200, "num_updates": 0, "episodes": 200, "_timestamp": 1695041759.3874254, "_runtime": 96.28787541389465, "_step": 200, "_wandb": {"runtime": 104}}