{"timesteps": 200, "ep_reward": 200, "num_updates": 0, "episodes": 200, "_timestamp": 1695041867.0995677, "_runtime": 92.71776676177979, "_step": 200, "_wandb": {"runtime": 100}}