{"timesteps": 17, "ep_reward": 17.0, "num_updates": 0, "episodes": 49, "_timestamp": 1695039330.6444268, "_runtime": 19.283543825149536, "_step": 49, "_wandb": {"runtime": 18}}