{"timesteps": 100, "ep_reward": 100.0, "num_updates": 0, "episodes": 500, "_timestamp": 1695039788.1507607, "_runtime": 82.427072763443, "_step": 500, "_wandb": {"runtime": 88}}