{"timesteps": 100, "ep_reward": 100.0, "num_updates": 0, "episodes": 500, "_timestamp": 1695032463.0625777, "_runtime": 81.13158178329468, "_step": 500, "_wandb": {"runtime": 93}}