{"timesteps": 19, "ep_reward": -0.44000000000016415, "num_updates": 0, "episodes": 200, "_timestamp": 1695044913.8694134, "_runtime": 62.96584630012512, "_step": 200, "_wandb": {"runtime": 71}}