{"timesteps": 100, "ep_reward": 100.0, "num_updates": 0, "episodes": 500, "_timestamp": 1695039883.1110861, "_runtime": 83.68915319442749, "_step": 500, "_wandb": {"runtime": 90}}