{"timesteps": 100, "ep_reward": 100.0, "num_updates": 0, "episodes": 500, "_timestamp": 1695033025.9759135, "_runtime": 84.66300344467163, "_step": 500, "_wandb": {"runtime": 459}}