{"timesteps": 100, "ep_reward": 100.0, "num_updates": 0, "episodes": 500, "_timestamp": 1695048098.8871677, "_runtime": 87.05606460571289, "_step": 500}