{"timesteps": 100, "ep_reward": 100.0, "num_updates": 0, "episodes": 500, "_timestamp": 1695039577.1241672, "_runtime": 82.8317141532898, "_step": 500, "_wandb": {"runtime": 204}}