{"timesteps": 17, "ep_reward": -28.05906200066814, "num_updates": 0, "episodes": 200, "_timestamp": 1695044995.8901005, "_runtime": 66.5673155784607, "_step": 200, "_wandb": {"runtime": 80}}