{"timesteps": 200, "ep_reward": 200, "num_updates": 0, "episodes": 200, "_timestamp": 1695042516.4681463, "_runtime": 97.85633420944214, "_step": 200, "_wandb": {"runtime": 104}}