{"timesteps": 19, "ep_reward": 19.0, "num_updates": 0, "episodes": 92, "_timestamp": 1695033427.904325, "_runtime": 19.410300970077515, "_step": 92, "_wandb": {"runtime": 18}}