{"timesteps": 16, "ep_reward": 16.0, "num_updates": 0, "episodes": 203, "_timestamp": 1695047903.7527387, "_runtime": 28.49664878845215, "_step": 203, "_wandb": {"runtime": 129}}