{"timesteps": 200, "ep_reward": 200, "num_updates": 0, "episodes": 200, "_timestamp": 1695042403.0494359, "_runtime": 97.58156895637512, "_step": 200, "_wandb": {"runtime": 104}}