{"timesteps": 18, "ep_reward": -0.40000000000017055, "num_updates": 0, "episodes": 200, "_timestamp": 1695044362.1799028, "_runtime": 61.67164087295532, "_step": 200, "_wandb": {"runtime": 70}}