{"timesteps": 100, "ep_reward": 100.0, "num_updates": 0, "episodes": 500, "_timestamp": 1695039431.078677, "_runtime": 80.92825984954834, "_step": 500, "_wandb": {"runtime": 139}}