{"timesteps": 200, "ep_reward": 660.0624702346087, "num_updates": 0, "episodes": 200, "_timestamp": 1695044476.882623, "_runtime": 100.94224286079407, "_step": 200, "_wandb": {"runtime": 108}}